"GenusSpp","Conc.cellsmL","totbiovol.um3mL","date"
"Asterionella formosa",121.714285714286,19873.5085714286,2017-07-11
"Aulacoseira sp. #1",892.571428571428,358742.308571429,2017-07-11
"Cyclotella sp.",40.5714285714286,24459.7028571429,2017-07-11
"Coelastrum sp.",324.571428571429,36689.5542857143,2017-07-11
"Cosmarium sp.",60.8571428571428,22930.9714285714,2017-07-11
"Crucigenia tetrapedia",162.285714285714,679.43619047619,2017-07-11
"Crucigeniella crucifera",162.285714285714,4586.19428571429,2017-07-11
"Desmodesmus communis",933.142857142857,15627.0323809524,2017-07-11
"Elakatothrix genevensis",81.1428571428571,254.788571428571,2017-07-11
"Golenkinia radiata ",20.2857142857143,7739.20285714286,2017-07-11
"Oocystis pusilla ",466.571428571428,28649.5593650794,2017-07-11
"Oocystis solitaria ",304.285714285714,191091.428571429,2017-07-11
"Pediastrum biradiatum",142,1704,2017-07-11
"Pediastrum boryanum",2698,53960,2017-07-11
"Pediastrum duplex",2150.28571428571,68809.1428571429,2017-07-11
"Pediastrum tetras",243.428571428571,7789.71428571428,2017-07-11
"Quadrigula closterioides",81.1428571428571,1358.87238095238,2017-07-11
"Scenedesmus ellipticus",405.714285714286,9076.84285714286,2017-07-11
"Selenastrum capricornutum ",40.5714285714286,636.971428571429,2017-07-11
"Sphaerocystis schroeteri ",81.1428571428571,9172.38857142857,2017-07-11
"Tetraedron caudata",20.2857142857143,70107.4285714286,2017-07-11
"Tetraëdron minimum ",649.142857142857,35053.7142857143,2017-07-11
"Tetraëdron trigonum",1825.71428571429,1869531.42857143,2017-07-11
"Cryptomonas erosa",162.285714285714,135887.238095238,2017-07-11
"Chroococcus minutus",324.571428571429,29725.3333333333,2017-07-11
"Dolichospermum sp.",1237.42857142857,41445.6076190476,2017-07-11
"Microcystis aeruginosa ",304.285714285714,10191.5428571429,2017-07-11
"Ceratium sp.",20.2857142857143,771141.142857143,2017-07-11
"Euglena sp.",20.2857142857143,3906.7580952381,2017-07-11
"Trachelomonas sp.",20.2857142857143,35829.6428571429,2017-07-11
"Navicula ",1.18333333333333,267.528,2017-11-14
"Chlamydomonas ",2.36666666666667,66.882,2017-11-14
"Desmodesmus communis",14.2,352.30024691358,2017-11-14
"Monoraphidium komarkovae",2.36666666666667,216.747222222222,2017-11-14
"Pediastrum boryanum",94.6666666666667,23666.6666666667,2017-11-14
"Tetraëdron minimum",3.55,191.7,2017-11-14
"Tetraëdron trigonum",4.73333333333333,255.6,2017-11-14
"Kephyrion sp.",1.18333333333333,22.294,2017-11-14
"Cryptomonas curvata",13.0166666666667,159856.237037037,2017-11-14
"Cryptomonas erosa",23.6666666666667,101462.471111111,2017-11-14
"Cryptomonas marssonii",1.18333333333333,1486.26666666667,2017-11-14
"Cryptomonas ovata  ",10.65,116496.672768,2017-11-14
"Plagioselmis nannoplanctica",7.1,487.68125,2017-11-14
"Pseudanabaena ",9.46666666666667,25682.688,2017-11-14
"Glenodinium",2.36666666666667,34956.992,2017-11-14
"Euglena",52.0666666666667,56585.6201386667,2017-11-14
"Phacus ",1.18333333333333,1070.112,2017-11-14
"Nitzschia ",9.46666666666667,2853.632,2017-12-12
"Desmodesmus communis",22.0888888888889,369.915259259259,2017-12-12
"Pediastrum boryanum",1.57777777777778,908.8,2017-12-12
"Schroederia setigera ",7.88888888888889,1321.12592592593,2017-12-12
"Cryptomonas curvata",53.6444444444444,576383.196086516,2017-12-12
"Cryptomonas erosa",59.9555555555556,306096.678314161,2017-12-12
"Cryptomonas marssonii",20.5111111111111,52608.0600740741,2017-12-12
"Peridinium sp.",1.57777777777778,15219.3706666667,2017-12-12
"Euglena",41.0222222222222,111291.648,2017-12-12
"Amphora sp.",0.946666666666667,1426.816,2018-01-15
"Navicula sp.",0.946666666666667,713.408,2018-01-15
"Nitzschia sp.",0.946666666666667,89.176,2018-01-15
"Gomphonema sp.",2.84,1919.84,2018-01-15
"Acutodesmus obliquus",3.78666666666667,594.506666666667,2018-01-15
"Kephyrion sp.",6.62666666666667,998.7712,2018-01-15
"Cryptomonas marssonii",0.946666666666667,1426.816,2018-01-15
"Cryptomonas sp.",2.84,3424.3584,2018-01-15
"Cryptomonas erosa",5.68,40001.845525,2018-01-15
"Cryptomonas curvata",16.0933333333333,159499.826620576,2018-01-15
"Euglena sp.",5.68,5945.06666666667,2018-01-15
"Amphora sp.",0.788888888888889,2066.1,2018-02-13
"Aulacoseira sp.",3.15555555555556,2496.928,2018-02-13
"Cocconeis sp.",0.788888888888889,757.333333333333,2018-02-13
"Fragilaria sp.",37.0777777777778,8382.544,2018-02-13
"Gomphonema sp.",5.52222222222222,1124.21496598639,2018-02-13
"Navicula spp.",4.73333333333333,1695.057408,2018-02-13
"Nitzschia sp.",7.1,463.893552,2018-02-13
"Pennate diatoms(unid)",14.2,1666.05989494949,2018-02-13
"Synedra sp.",0.788888888888889,118.901333333333,2018-02-13
"Desmodesmus communis",3.15555555555556,178.352,2018-02-13
"Tetraëdron minimum",11.8333333333333,1514.66666666667,2018-02-13
"Kephyrion sp.",9.46666666666667,1248.464,2018-02-13
"Cryptomonas erosa",3.94444444444444,12729.2929492455,2018-02-13
"Cryptomonas marssonii",7.1,8018.13179379777,2018-02-13
"Microcystis aeruginosa",276.111111111111,13167.39375,2018-02-13
"Planktolyngbya limnetica",45.7555555555556,89.7952777777778,2018-02-13
"Glenodinium sp.",48.9111111111111,87667.053439056,2018-02-13
"Gymnodinium sp.",1.57777777777778,528.45037037037,2018-02-13
"Euglena sp.",1.57777777777778,1998.20296296296,2018-02-13
"Lepocinclis sp.",0.788888888888889,825.703703703704,2018-02-13
"Monomorphina sp.",1.57777777777778,1155.98518518519,2018-02-13
"Phacus smulkowskianus",0.788888888888889,2407.752,2018-02-13
"Phacus sp.",2.36666666666667,7690.42080658436,2018-02-13
"Trachelomonas sp.",0.788888888888889,3477.864,2018-02-13
"Amphora sp.",2.36666666666667,9977.86666666667,2018-03-20
"Aulacoseira sp.",7.1,1203.876,2018-03-20
"Cymbella sp.",2.36666666666667,792.675555555556,2018-03-20
"Fragilaria sp.",246.133333333333,57053.0305691667,2018-03-20
"Gomphonema sp.",2.36666666666667,236.666666666667,2018-03-20
"Meridion sp.",16.5666666666667,6989.0625,2018-03-20
"Navicula spp.",28.4,17670.3437829938,2018-03-20
"Nitzschia spp.",11.8333333333333,1446.77968065844,2018-03-20
"Pennate diatoms(unid)",99.4,23330.514942,2018-03-20
"Tabellaria sp.",9.46666666666667,10701.12,2018-03-20
"Chlamydomonas ",2.36666666666667,278.675,2018-03-20
"Desmodesmus communis",9.46666666666667,176.90289,2018-03-20
"Monoraphidium komarkovae",14.2,2524.7955,2018-03-20
"Schroederia setigera ",9.46666666666667,861.725027777778,2018-03-20
"Tetraëdron minimum",14.2,2886.28148148148,2018-03-20
"Tetrastrum glastrum",9.46666666666667,39.6337777777778,2018-03-20
"Kephyrion sp.",7.1,487.971072,2018-03-20
"Synura sp.",28.4,18443.6404166667,2018-03-20
"Cryptomonas reflexa ",11.8333333333333,20791.6779835391,2018-03-20
"Cryptomonas sp.",11.8333333333333,8271.71621399177,2018-03-20
"Kateblepharis ovalis",2.36666666666667,427.676949,2018-03-20
"Glenodinium sp.",11.8333333333333,10701.12,2018-03-20
"Chlamydomonas sp.",1117.06666666667,1070647.21453511,2018-04-17
"Monoraphidium komarkovae",331.333333333333,28870.73,2018-04-17
"Chromulina sp.",3900.26666666667,700110.867555556,2018-04-17
"Kephyrion spp.",198.8,37980.55722825,2018-04-17
"Mallomonas sp.",179.866666666667,538173.857185185,2018-04-17
"Kateblepharis ovalis",28.4,4280.448,2018-04-17
"Euglena sp.",37.8666666666667,150231.834666667,2018-04-17
"Amphora sp.",16.9047619047619,19474.2857142857,2018-05-15
"Asterionella sp.",676.190476190476,382182.857142857,2018-05-15
"Aulacoseira sp. 1",524.047619047619,210614.738095238,2018-05-15
"Aulacoseira sp. 2",997.380952380952,548060.833333333,2018-05-15
"Cyclotella sp.",118.333333333333,40965.225,2018-05-15
"Nitzschia sp.",33.8095238095238,849.295238095238,2018-05-15
"Sellaphora sp.",16.9047619047619,4458.8,2018-05-15
"Synedra sp.",253.571428571429,84929.5238095238,2018-05-15
"Acutodesmus dimorphus",67.6190476190476,3184.85714285714,2018-05-15
"Cosmarium sp.",16.9047619047619,8280.62857142857,2018-05-15
"Desmodesmus abundans",135.238095238095,6369.71428571429,2018-05-15
"Desmodesmus armatus",67.6190476190476,3184.85714285714,2018-05-15
"Desmodesmus communis",608.571428571429,35387.3015873016,2018-05-15
"Dictyosphaerium pulchellum",67.6190476190476,2264.7873015873,2018-05-15
"Kirchneriella obesa",67.6190476190476,283.098412698413,2018-05-15
"Monoraphidium arcuatum",50.7142857142857,265.404761904762,2018-05-15
"Monoraphidium komarkovae",84.5238095238095,65.314453125,2018-05-15
"Pediastrum biradiatum",118.333333333333,6390,2018-05-15
"Pediastrum boryanum",135.238095238095,12982.8571428571,2018-05-15
"Scenedesmus ellipticus",219.761904761905,1610.12222222222,2018-05-15
"Tetraedron caudatum",16.9047619047619,1273.94285714286,2018-05-15
"Tetraëdron minimum",67.6190476190476,6666.73721340388,2018-05-15
"Mallomonas sp.",16.9047619047619,6794.3619047619,2018-05-15
"Synura sp.",50.7142857142857,18110.0055578143,2018-05-15
"Cryptomonas parapyrenoidifera ",33.8095238095238,50957.7142857143,2018-05-15
"Plagioselmis nannoplanctica",33.8095238095238,676.782142857143,2018-05-15
"Aphanothece sp.",1690.47619047619,2654.04761904762,2018-05-15
"Chroococcus sp.",84.5238095238095,1194.32142857143,2018-05-15
"Dolichospermum sp.",6761.90476190476,226478.73015873,2018-05-15
"Microcystis aeruginosa",169.047619047619,2388.64285714286,2018-05-15
"Trachelomonas sp.",16.9047619047619,20383.0857142857,2018-05-15
"Aulacoseira sp.",200,200960,2018-06-12
"Sphaerocystis schroeteri",400,152604,2018-06-12
"Chroomonas nordstedtii",50,5887.5,2018-06-12
"Cryptomonas brevis",50,88443.3333333333,2018-06-12
"Cryptomonas erosa",50,241989.333333333,2018-06-12
"Cryptomonas marssonii",100,89019,2018-06-12
"Aphanizomenon flosaquae",10900,821424,2018-06-12
"Cuspidothrix issatschenkoi",3333.33333333333,141300,2018-06-12
"Dolichospermum crassum",5050,3059409.9375,2018-06-12
"Dolichospermum flosaquae",326200,36873648,2018-06-12
"Dolichospermum mendotae",5500,307022.222222222,2018-06-12
"Microcystis aeruginosa",25000,1635416.66666667,2018-06-12
"Aulacoseira sp.",852,214022.4,2018-07-17
"Nitzschia sp.",94.6666666666667,7740.97222222222,2018-07-17
"Stephanodiscus sp.",94.6666666666667,477240.226666667,2018-07-17
"Desmodesmus communis",331.333333333333,4855.13777777778,2018-07-17
"Dichotomococcus curvatus",378.666666666667,2378.02666666667,2018-07-17
"Dictyosphaerium Ehrenbergianum",8804,442312.96,2018-07-17
"Oocystis pusilla ",899.333333333333,82363.9444444444,2018-07-17
"Oocystis solitaria",189.333333333333,76096.8533333333,2018-07-17
"Pediastrum boryanum",757.333333333333,9512.10666666667,2018-07-17
"Sphaerocystis schroeteri",189.333333333333,21402.24,2018-07-17
"Cryptomonas phaseolus",568,647417.76,2018-07-17
"Cuspidothrix issatschenkoi",2508.66666666667,189053.12,2018-07-17
"Dolichospermum flos-aquae",49416,5585984.64,2018-07-17
"Dolichospermum spiroides",9466.66666666667,6594069.77777778,2018-07-17
"Ceratium hirundinella",94.6666666666667,3329336.41777778,2018-07-17
"Gymnodinium sp.",47.3333333333333,94749.5,2018-07-17
"Lepocinclis sp.",47.3333333333333,74907.84,2018-07-17
"Trachelomonas sp.",473.333333333333,679719.288888889,2018-07-17
"Acutodesmus obliquus",500,98125,2018-08-14
"Desmodesmus communis",200,8478,2018-08-14
"Desmodesmus opoliensis",800,150720,2018-08-14
"Dictyosphaerium pulchellum",800,0,2018-08-14
"Goniochloris mutica",50,12500,2018-08-14
"Monoraphidium komarkovae",50,7429.24,2018-08-14
"Monoraphidium minutum",50,1308.33333333333,2018-08-14
"Oocystis parva",500,184213.333333333,2018-08-14
"Oocystis solitaria ",100,70650,2018-08-14
"Pediastrum boryanum",2000,2e+05,2018-08-14
"Scenedesmus arcuatus",400,3349.33333333333,2018-08-14
"Schroederia setigera ",50,5416.5,2018-08-14
"Cryptomonas erosa",350,1255030.86419753,2018-08-14
"Cryptomonas marssonii",300,282646.518518519,2018-08-14
"Cryptomonas parapyrenoidifera",200,451322.666666667,2018-08-14
"Cryptomonas pyrenoidifera",1250,4482253.08641975,2018-08-14
"Cryptomonas sp.",50,75360,2018-08-14
"Plagioselmis nannoplanctica",100,8831.25,2018-08-14
"Aphanocapsa holsatica",7500,3925,2018-08-14
"Aphanocapsa incerta",25000,13083.3333333333,2018-08-14
"Dolichospermum flos-aquae",3495150,395091756,2018-08-14
"Dolichospermum spiroides",31250,3532500,2018-08-14
"Microcystis aeruginosa",1e+05,3349333.33333333,2018-08-14
"Oscillatoria sp.",2500,62800,2018-08-14
"Planktothrix agardhii",70000,3516800,2018-08-14
"Pseudanabaena ",2000,17662.5,2018-08-14
"Snowella lacustris",15500,143728.59375,2018-08-14
"Woronichinia naegeliana",39100,736644,2018-08-14
"Trachelomonas sp.",100,62800,2018-08-14
"Aulacoseira sp.",250,62800,2018-08-14
"Stephanodiscus ",687.096774193548,10311694.1612903,2018-09-11
"Coelastrum sphaericum",549.677419354839,213614.924594009,2018-09-11
"Desmodesmus communis",1190.96774193548,381443.148387097,2018-09-11
"Dictyosphaerium pulchellum",6229.67741935484,938936.980645161,2018-09-11
"Oocystis solitaria",1557.41935483871,1100316.77419355,2018-09-11
"Pediastrum duplex",25.6,13129.3866666667,2018-09-11
"Scenedesmus arcuatus",366.451612903226,16876.3182795699,2018-09-11
"Scenedesmus bijuga ",183.225806451613,1342.43440860215,2018-09-11
"Sphaerocystis schroeteri",8657.41935483871,6890652.89274194,2018-09-11
"Cryptomonas erosa",137.41935483871,143832.258064516,2018-09-11
"Cryptomonas marssonii",45.8064516129032,26081.5827956989,2018-09-11
"Aphanocapsa ",68709.6774193548,35958.064516129,2018-09-11
"Chroococcus ",458.064516129032,6472.45161290323,2018-09-11
"Dolichospermum ",245121.774193548,44000175.5403226,2018-09-11
"Microcystis aeruginosa",508909.677419355,17045081.4623656,2018-09-11
"Ceratium hirundinella",0.8,28135.2373333333,2018-09-11
"Amphora sp.",28.4,86033.0666666667,2018-10-16
"Fragilaria sp.",37.8666666666667,7134.08,2018-10-16
"Gomphonema sp.",28.4,28627.2,2018-10-16
"Navicula spp.",18.9333333333333,4280.448,2018-10-16
"Stephanodiscus sp.",75.7333333333333,0,2018-10-16
"Synedra sp.",9.46666666666667,9809.36,2018-10-16
"Desmodesmus communis",463.866666666667,300411.65,2018-10-16
"Dictyosphaerium pulchellum",454.4,37445.359104,2018-10-16
"Kirchneriella contorta",37.8666666666667,334.41,2018-10-16
"Monoraphidium komarkovae",18.9333333333333,297.253333333333,2018-10-16
"Oocystis pusilla ",28.4,13242.636,2018-10-16
"Oocystis solitaria",18.9333333333333,14862.6666666667,2018-10-16
"Sphaerocystis schroeteri",113.6,7431.33333333333,2018-10-16
"Dinobryon sp.",9.46666666666667,2318.576,2018-10-16
"Cryptomonas sp.",75.7333333333333,83924.5244444445,2018-10-16
"Cryptomonas erosa",113.6,437962.051950617,2018-10-16
"Cryptomonas reflexa ",37.8666666666667,132059.747555556,2018-10-16
"Plagioselmis nannoplanctica",9.46666666666667,396.337777777778,2018-10-16
"Aphanocapsa sp.",946.666666666667,1672.05,2018-10-16
"Microcystis aeruginosa",1599.86666666667,104657.944444444,2018-10-16
"Oscillatoriales",473.333333333333,22479.7833333333,2018-10-16
"Euglena sp.",227.2,412757.485714286,2018-10-16
"Kephyrion spp.",200,8373.33333333333,2018-11-13
"Mallomonas",1125,2192505,2018-11-13
"Cryptomonas erosa",8300,66503486.8843537,2018-11-13
"Cryptomonas reflexa ",1775,10088992.9453125,2018-11-13
"Plagioselmis nannoplanctica",50,2093.33333333333,2018-11-13
"Gymnodinium sp.",50,422016,2018-11-13
"Cryptomonas erosa",2009.84615384615,14632512.0125031,2018-12-18
"Cryptomonas marssonii",21.8461538461538,29742.4825641026,2018-12-18
"Cryptomonas reflexa ",436.923076923077,2779013.79145299,2018-12-18
"Desmodesmus communis",69.9507389162561,15134.9353448276,2019-01-15
"Kephyrion spp.",13.9901477832512,428.308374384236,2019-01-15
"Cryptomonas curvata",132.906403940887,648851.895222701,2019-01-15
"Cryptomonas erosa",300.788177339901,1575584.80089084,2019-01-15
"Cryptomonas marssonii",20.9852216748768,34857.7123152709,2019-01-15
"Gymnodinium sp.",20.9852216748768,20558.8019704433,2019-01-15
"Amphora sp.",1.83225806451613,3752.46451612903,2019-02-12
"Aulacoseira sp.",5.49677419354839,2157.48387096774,2019-02-12
"Stephanodiscus sp.",1.83225806451613,30653.5308387097,2019-02-12
"Desmodesmus communis",14.658064516129,3866.21109677419,2019-02-12
"Tetraedron caudatum",1.83225806451613,504.851225806452,2019-02-12
"Kephyrion spp.",12.8258064516129,429.579010752688,2019-02-12
"Cryptomonas curvata",5.49677419354839,13807.8967741935,2019-02-12
"Cryptomonas erosa",27.4838709677419,117827.385806452,2019-02-12
"Cryptomonas marssonii",7.32903225806452,12518.6203709677,2019-02-12
"Kateblepharis ovalis",1.83225806451613,422.866838709677,2019-02-12
"Navicula spp.",1.12252964426877,296.078418972332,2019-03-13
"Desmodesmus communis",3.36758893280632,126.890750988142,2019-03-13
"Kephyrion spp.",1.12252964426877,300.778076416337,2019-03-13
"Cryptomonas curvata",2.24505928853755,8988.09486166008,2019-03-13
"Cryptomonas erosa",4.4901185770751,22749.8667720685,2019-03-13
"Cryptomonas marssonii",1.12252964426877,1292.40579710145,2019-03-13
"Microcystis aeruginosa",44.901185770751,1503.89038208169,2019-03-13
"Microcystis wesenbergii",17.9604743083004,1174.91436100132,2019-03-13
"Gymnodinium sp.",2.24505928853755,6111.90450592885,2019-03-13
"Aulacoseira sp.",11.36,6420.672,2019-04-16
"Navicula sp.",0.946666666666667,303.446111111111,2019-04-16
"Stephanodiscus sp.",0.946666666666667,963.1008,2019-04-16
"Desmodesmus communis",4.9,769.3,2019-04-16
"Kephyrion sp.",1.89333333333333,214.0224,2019-04-16
"Komvophoron sp.",28.4,601.938,2019-04-16
"Pseudanabaena ",9.46666666666667,104.503125,2019-04-16
"Euglena sp.",0.946666666666667,2972.53333333333,2019-04-16
"Aulacoseira sp.",56.8,14268.16,2019-05-14
"Cyclotella sp.",3152.4,618658.5,2019-05-14
"Melosira varians",482.8,2628730.128,2019-05-14
"Stephanodiscus sp.",28.4,742390.2,2019-05-14
"Synedra ulna",14.2,42967.9693333333,2019-05-14
"Desmodesmus communis",56.8,100709.429333333,2019-05-14
"Dictyosphaerium pulchellum",397.6,13316.9493333333,2019-05-14
"Monoraphidium komarkovae",198.8,10182.7845,2019-05-14
"Pediastrum duplex",1136,553485.706666667,2019-05-14
"Tetraselmis cordiformis",113.6,141254.784,2019-05-14
"Mallomonas sp.",56.8,17121.792,2019-05-14
"Cryptomonas erosa",56.8,135436.05,2019-05-14
"Cryptomonas marssonii",28.4,8560.896,2019-05-14
"Plagioselmis nannoplanctica",7242,955074.96,2019-05-14
"Chroococcus sp.",170.4,713.408,2019-05-14
"Dolichospermum sp.",1420,92891.6666666667,2019-05-14
"Euglena sp.",14.2,44588,2019-05-14
"Asterionella formosa",96.1135371179039,66395.231441048,2019-06-11
"Aulacoseira ",4663.05676855895,1405631.83231441,2019-06-11
"Cyclotella",6.20087336244542,2102.84017467249,2019-06-11
"Stephanodiscus",105.414847161572,1257809.95633188,2019-06-11
"Desmodesmus communis",124.017467248908,11871.0952741388,2019-06-11
"Elakatothrix genevensis",6.20087336244542,175.236681222707,2019-06-11
"Oocystis parva",37.2052401746725,8586.59737991266,2019-06-11
"Oocystis solitaria",15.5021834061135,11357.9330422125,2019-06-11
"Pediastrum duplex",49.6069868995633,19938.0401746725,2019-06-11
"Staurastrum",3.10043668122271,9345.95633187773,2019-06-11
"Tetraëdron minimum",15.5021834061135,3150.96231602782,2019-06-11
"Closterium ",3.10043668122271,11318.9915574964,2019-06-11
"Cryptomonas ",3.10043668122271,3738.38253275109,2019-06-11
"Plagioselmis nannoplanctica",9.30131004366812,428.356331877729,2019-06-11
"Chroococcus ",34.1048034934498,7529.70114628821,2019-06-11
"Coelosphaerium kuetzingianum",3100.43668122271,43809.1703056769,2019-06-11
"Dolichospermum ",204.628820960699,23131.2419213974,2019-06-11
"Dolichospermum crassum",235.633187772926,89896.4174672489,2019-06-11
"Dolichospermum flos-aquae",6107.86026200873,204572.599708879,2019-06-11
"Microcystis aeruginosa",3518.99563318777,117862.893740902,2019-06-11
"Aulacoseira ",397.6,312116,2019-07-16
"Nitzschia",28.4,6190.30066666667,2019-07-16
"Acutodesmus obliquus",56.8,12588.6786666667,2019-07-16
"Cosmarium ",113.6,26752.8,2019-07-16
"Crucigenia tetrapedia",170.4,3210.336,2019-07-16
"Desmodesmus communis",284,107011.2,2019-07-16
"Desmodesmus costato-granulatus",28.4,96.142875,2019-07-16
"Elakatothrix genevensis",28.4,297.253333333333,2019-07-16
"Lagerheimia ciliata",14.2,35113.05,2019-07-16
"Monoraphidium komarkovae",28.4,2140.224,2019-07-16
"Monoraphidium minutum",42.6,1003.23,2019-07-16
"Nephrocytium agardhianum ",397.6,4161.54666666667,2019-07-16
"Oocystis solitaria",14.2,713.408,2019-07-16
"Pediastrum duplex",511.2,48756.978,2019-07-16
"Schroederia setigera ",142,40129.2,2019-07-16
"Selenastrum bibraianum",28.4,2006.46,2019-07-16
"Sphaerocystis schroeteri",42.6,4815.504,2019-07-16
"Tetraëdron minimum",14.2,1817.6,2019-07-16
"Tetrastrum glabrum",56.8,802.584,2019-07-16
"Kephyrion",113.6,23304.6613333333,2019-07-16
"Mallomonas",56.8,30438.7413333333,2019-07-16
"Cryptomonas erosa",56.8,59450.6666666667,2019-07-16
"Cryptomonas marssonii",227.2,106535.594666667,2019-07-16
"Plagioselmis nannoplanctica",14.2,594.506666666667,2019-07-16
"Aphanizomenon flos-aquae",2527.6,190479.936,2019-07-16
"Aphanocapsa ",198.8,834.96,2019-07-16
"Aphanocapsa incerta",8520,4260,2019-07-16
"Dolichospermum ",5623.2,635646.528,2019-07-16
"Merismopedia punctata",852,16051.68,2019-07-16
"Microcystis aeruginosa",1661.4,108683.25,2019-07-16
"Romeria",85.2,1070.112,2019-07-16
"Unidentified coccoid",56.8,802.584,2019-07-16
"Ceratium hirundinella",113.6,2975297.6,2019-07-16
"Euglena",28.4,21848.12,2019-07-16
"Aulacoseira sp.",2950,1505237.5,2019-08-13
"Melosira varians",900,2034720,2019-08-13
"Nitzschia sp.",25,1471.875,2019-08-13
"Stephanodiscus sp.",150,1884000,2019-08-13
"Crucigeniella crucifera",400,2512,2019-08-13
"Desmodesmus communis",550,136720.833333333,2019-08-13
"Dictyosphaerium pulchellum",1700,111208.333333333,2019-08-13
"Oocystis borgei",100,63585,2019-08-13
"Oocystis pusilla ",575,129996,2019-08-13
"Oocystis solitaria",75,71238.75,2019-08-13
"Pediastrum boryanum",50,6400,2019-08-13
"Tetraëdron minimum",25,1350,2019-08-13
"Tetraëdron trigonum",25,6250,2019-08-13
"Cryptomonas erosa",125,117750,2019-08-13
"Cryptomonas marssonii",700,623133,2019-08-13
"Cryptomonas reflexa ",25,52752,2019-08-13
"Cryptomonas sp.",25,18316.6666666667,2019-08-13
"Plagioselmis nannoplanctica",175,13165.1041666667,2019-08-13
"Aphanizomenon flosaquae",49875,3758580,2019-08-13
"Aphanocapsa conferta",25000,104666.666666667,2019-08-13
"Aphanocapsa holsatica",191250,100087.5,2019-08-13
"Aphanocapsa sp.",150000,2119500,2019-08-13
"Chroococcus turgidus",100,70650,2019-08-13
"Dolichospermum flosaquae",374000,82572187.5,2019-08-13
"Microcystis aeruginosa",134375,3015095.05208333,2019-08-13
"Planktothrix agardhii",2625,131880,2019-08-13
"Woronichinia naegeliana",15000,353250,2019-08-13
"Trachelomonas sp.",25,53589.3333333333,2019-08-13
"Peridinium sp.",25,195936,2019-08-13
"Aulacoseira sp.",6750,2781000,2019-09-17
"Melosira varians",200,452160,2019-09-17
"Sellaphora sp.",25,50240,2019-09-17
"Stephanodiscus sp.",50,502400,2019-09-17
"Acutodesmus pectinatus",250,16746.6666666667,2019-09-17
"Coelastrum sp.",75,3140,2019-09-17
"Desmodesmus brasiliensis",200,2093.33333333333,2019-09-17
"Desmodesmus communis",100,45216,2019-09-17
"Desmodesmus sp.",100,942,2019-09-17
"Dictyosphaerium pulchellum",7700,503708.333333333,2019-09-17
"Monoraphidium griffithi",50,794.8125,2019-09-17
"Oocystis borgei",50,67824,2019-09-17
"Oocystis pusilla ",100,18840,2019-09-17
"Oocystis solitaria",75,75988,2019-09-17
"Pediastrum duplex",250,64000,2019-09-17
"Sphaerocystis schroeteri",100,6541.66666666667,2019-09-17
"Tetraedron caudatum",25,1648.5,2019-09-17
"Tetraëdron minimum",50,2700,2019-09-17
"Tetraspora sp.",1050,68687.5,2019-09-17
"Cryptomonas marssonii",50,23445.3333333333,2019-09-17
"Cryptomonas reflexa ",50,119398.5,2019-09-17
"Cryptomonas sp.",25,23550,2019-09-17
"Plagioselmis nannoplanctica",25,1151.33333333333,2019-09-17
"Aphanizomenon flosaquae",46225,2902930,2019-09-17
"Aphanocapsa holsatica",68750,971437.5,2019-09-17
"Aphanocapsa planctonica",625000,2616666.66666667,2019-09-17
"Chroococcus limneticus",350,183166.666666667,2019-09-17
"Chroococcus sp.",100,1413,2019-09-17
"Dolichospermum flosaquae",431200,95200875,2019-09-17
"Microcystis aeruginosa",664200,22250700,2019-09-17
"Snowella litoralis",8500,190722.291666667,2019-09-17
"Woronichinia naegeliana",49150,205774.666666667,2019-09-17
"Aulacoseira pusilla",91.6129032258064,24667.2322580645,2019-10-15
"Aulacoseira sp.",12459.3548387097,5623841.29032258,2019-10-15
"Stephanodiscus sp.",229.032258064516,4046967.79233871,2019-10-15
"Closteriopsis acicularis",45.8064516129032,16720.5,2019-10-15
"Crucigenia truncata ",366.451612903226,10355.9225806452,2019-10-15
"Desmodesmus communis",458.064516129032,503412.903225806,2019-10-15
"Dictyosphaerium pulchellum",4214.1935483871,476372.438709677,2019-10-15
"Monoraphidium griffithi",45.8064516129032,2481.1064516129,2019-10-15
"Monoraphidium komarkovae",45.8064516129032,2684.8688172043,2019-10-15
"Oocystis pusilla ",320.645161290323,37755.9677419355,2019-10-15
"Oocystis solitaria",45.8064516129032,9115.36935483871,2019-10-15
"Pediastrum boryanum",1099.35483870968,155833.548387097,2019-10-15
"Pediastrum simplex ",3.2,5087.68,2019-10-15
"Tetraedron caudatum",45.8064516129032,11986.0215053763,2019-10-15
"Tetraëdron minimum",137.41935483871,45726.2903225806,2019-10-15
"Cryptomonas erosa",91.6129032258064,236885.736021505,2019-10-15
"Aphanizomenon sp.",824.516129032258,62135.535483871,2019-10-15
"Aphanocapsa holsatica",27483.8709677419,14383.2258064516,2019-10-15
"Aphanocapsa planctonica",157299.35483871,3529469.8155914,2019-10-15
"Aphanothece sp.",6870.96774193548,3033.96169354839,2019-10-15
"Chroococcus limneticus",183.225806451613,263117.144086021,2019-10-15
"Chroococcus microscopicus",2931.61290322581,1534.21075268817,2019-10-15
"Dolichospermum flos-aquae",42141.935483871,5781397.06356989,2019-10-15
"Microcystis sp.",3298.06451612903,110463.174193548,2019-10-15
"Woronichinia naegeliana",23819.3548387097,311636.559139785,2019-10-15
"Asterionella formosa",1590.4,1198525.44,2019-11-12
"Aulacoseira sp.",681.6,307657.2,2019-11-12
"Stephanodiscus sp.",156.2,1961872,2019-11-12
"Desmodesmus communis",340.8,16051.68,2019-11-12
"Dictyosphaerium pulchellum",6361.6,719115.264,2019-11-12
"Kirchneriella irregularis",28.4,668.82,2019-11-12
"Monoraphidium minutum",14.2,334.41,2019-11-12
"Oocystis solitaria",14.2,4756.05333333333,2019-11-12
"Scenedesmus sp.",213,8917.6,2019-11-12
"Tetrastrum staurogeniiforme",397.6,36413.5333333333,2019-11-12
"Kephyrion sp.",28.4,1426.816,2019-11-12
"Mallomonas sp.",42.6,35670.4,2019-11-12
"Cryptomonas erosa",14.2,15286.2526666667,2019-11-12
"Cryptomonas marssonii",56.8,59450.6666666667,2019-11-12
"Cryptomonas reflexa",42.6,199754.24,2019-11-12
"Cryptomonas sp.",14.2,8917.6,2019-11-12
"Plagioselmis nannoplanctica",42.6,1783.52,2019-11-12
"Aphanocapsa holsatica",85200,44588,2019-11-12
"Aphanocapsa planctonica",28400,637236.833333333,2019-11-12
"Dolichospermum flos-aquae",1959.6,268834.963456,2019-11-12
"Microcystis sp.",4600.8,154096.128,2019-11-12
"Woronichinia naegeliana",908.8,11890.1333333333,2019-11-12
"Asterionella formosa",1.42,178.352,2020-01-14
"Aulacoseira sp.",35.5,11147,2020-01-14
"Stephanodiscus sp.",1.42,16497.56,2020-01-14
"Desmodesmus abundans",5.68,95.1210666666667,2020-01-14
"Tetrastrum triangulare",5.68,270.8721,2020-01-14
"Kephyrion sp.",2.84,40.1292,2020-01-14
"Cryptomonas erosa",32.66,241203.2448,2020-01-14
"Cryptomonas marssonii",230.04,92457.6768,2020-01-14
"Cryptomonas reflexa",11.36,73718.8266666667,2020-01-14
"Plagioselmis nannoplanctica",4.26,292.60875,2020-01-14
"Chroococcus limneticus",2.84,185.783333333333,2020-01-14
"Microcystis sp.",12.78,428.0448,2020-01-14
"Gymnodinium sp.",4.26,4494.4704,2020-01-14
"Aulacoseira sp.",2.36666666666667,594.506666666667,2020-02-11
"Desmodesmus communis",4.73333333333333,69.3591111111111,2020-02-11
"Tetrastrum triangulare",4.73333333333333,158.535111111111,2020-02-11
"Kephyrion sp.",7.1,650.241666666667,2020-02-11
"Mallomonas",3.55,6688.2,2020-02-11
"Cryptomonas erosa",13.0166666666667,47372.8004218107,2020-02-11
"Cryptomonas marssonii",56.8,23510.36064,2020-02-11
"Cryptomonas sp.",4.73333333333333,3935.02861728395,2020-02-11
"Cryptomonas reflexa",4.73333333333333,6192.77777777778,2020-02-11
"Microcystis sp.",517.116666666667,17319.9608888889,2020-02-11
"Gymnodinium sp.",1.18333333333333,17155.233,2020-02-11
"Peridinium sp.",3.55,36383.808,2020-02-11
"Euglena",1.18333333333333,10728.9875,2020-02-11
"Strombomonas sp.",1.18333333333333,16643.0902777778,2020-02-11
"Chrysochromulina parva",1.18333333333333,29.7253333333333,2020-02-11
"Asterionella formosa",2.36076475477972,817.261346633417,2020-03-17
"Aulacoseira",2.36076475477972,635.647714048213,2020-03-17
"Cyclotella",2.95095594347465,296.512053200333,2020-03-17
"Fragilaria ",2.36076475477972,98.8373510667775,2020-03-17
"Stephanodiscus ",1.77057356608479,20570.5236907731,2020-03-17
"Cosmarium ",3.54114713216958,2086.56630029864,2020-03-17
"Desmodesmus ",0.590191188694929,100.381684677196,2020-03-17
"Monoraphidium griffithi",17.7057356608479,1317.5096113882,2020-03-17
"Oocystis ",8.26267664172901,972.930174563591,2020-03-17
"Kephyrion",12.9842061512884,1467.73466334165,2020-03-17
"Cryptomonas",0.590191188694929,432.413410917152,2020-03-17
"Cryptomonas erosa",2.36076475477972,16890.0678304239,2020-03-17
"Microcystis",21.2468827930175,711.628927680798,2020-03-17
"Woronichinia naegeliana",23.3333333333333,781.511111111111,2020-03-17
"Asterionella formosa",259.423076923077,39100.2461538462,2020-04-14
"Aulacoseira ",819.230769230769,246948.923076923,2020-04-14
"Cocconeis ",6.82692307692308,3276.92307692308,2020-04-14
"Cyclotella",1160.57692307692,583073.846153846,2020-04-14
"Navicula",6.82692307692308,2057.90769230769,2020-04-14
"Stephanodiscus",143.365384615385,2333667.32307692,2020-04-14
"Desmodesmus communis",81.9230769230769,2315.14615384615,2020-04-14
"Dictyosphaerium pulchellum",109.230769230769,7145.51282051282,2020-04-14
"Monoraphidium griffithi",286.730769230769,21336.0546875,2020-04-14
"Oocystis ",27.3076923076923,10975.5076923077,2020-04-14
"Staurastrum",6.82692307692308,12969.1057692308,2020-04-14
"Kephyrion ",6.82692307692308,446.594551282051,2020-04-14
"Cryptomonas erosa",6.82692307692308,48843.1528846154,2020-04-14
"Cryptomonas marssonii",47.7884615384615,27103.8233173077,2020-04-14
"Plagioselmis nannoplanctica",6.82692307692308,468.924278846154,2020-04-14
"Aphanothece",1706.73076923077,753.628305288462,2020-04-14
"Misc. dinoflagellates",6.82692307692308,13665.7932692308,2020-04-14
"Euglena",6.82692307692308,9146.25641025641,2020-04-14
"Asterionella sp.",2638.83333333333,988097.9475,2020-05-12
"Aulacoseira sp.",2473.16666666667,2813140.5225,2020-05-12
"Cyclotella sp.",94.6666666666667,36413.5333333333,2020-05-12
"Stephanodiscus sp.",213,3646587.77875,2020-05-12
"Unidentified centric chain",71,9753.625,2020-05-12
"Acutodesmus acuminatus",47.3333333333333,851.506944444444,2020-05-12
"Closteriopsis acicularis",23.6666666666667,9697.89,2020-05-12
"Coenococcus planctonicus",1562,22071.06,2020-05-12
"Crucigenia quadrata",47.3333333333333,668.82,2020-05-12
"Desmodesmus brasiliensis",71,1588.4475,2020-05-12
"Desmodesmus costato-granulatus",426,6096.015625,2020-05-12
"Desmodesmus sp.",449.666666666667,14707.8472222222,2020-05-12
"Dictyosphaerium Ehrenbergianum",71,10701.12,2020-05-12
"Dictyosphaerium pulchellum",414.166666666667,46817.4,2020-05-12
"Eudorina elegans",378.666666666667,67971.9288888889,2020-05-12
"Gloeocystis sp.",47.3333333333333,5350.56,2020-05-12
"Gloeocystis sp.",165.7,44398.7626666667,2020-05-12
"Green spheres, solitary",23.6666666666667,2675.28,2020-05-12
"Kirchneriella lunaris ",23.6666666666667,125.40375,2020-05-12
"Lagerheimia sp.",11.8333333333333,891.76,2020-05-12
"Micractinium pusillum ",47.3333333333333,4121.29361111111,2020-05-12
"Monoraphidium griffithi",11.8333333333333,219.843611111111,2020-05-12
"Monoraphidium irregulare",153.833333333333,2717.08125,2020-05-12
"Monoraphidium minutum",11.8333333333333,334.41,2020-05-12
"Oocystis sp.",11.8333333333333,9741.23944444445,2020-05-12
"Pediastrum boryanum",189.333333333333,23193.3333333333,2020-05-12
"Tetrabaena socialis",47.3333333333333,8496.49111111111,2020-05-12
"Tetraëdron minimum",23.6666666666667,10224,2020-05-12
"Cryptomonas reflexa",23.6666666666667,48142.6544444444,2020-05-12
"Plagioselmis nannoplanctica",106.5,4904.68,2020-05-12
"Aphanocapsa sp.",29583.3333333333,418012.5,2020-05-12
"Chroococcus minutus",23.6666666666667,2675.28,2020-05-12
"Dolichospermum sp.",2958.33333333333,193524.305555556,2020-05-12
"Dolichospermum circinalis",189.333333333333,50731.2355555556,2020-05-12
"Euglena sp.",23.6666666666667,86921.8288888889,2020-05-12
"Colonial greens",500,133973.333333333,2020-06-16
"Crucigenia sp.",200,6698.66666666667,2020-06-16
"Crucigeniella crucifera",800,6698.66666666667,2020-06-16
"Desmodesmus abundans",200,5233.33333333333,2020-06-16
"Desmodesmus communis",200,47100,2020-06-16
"Kirchneriella subsolitaria",150,9812.5,2020-06-16
"Monoraphidium minutum",50,2237.25,2020-06-16
"Oocystis solitaria",150,95377.5,2020-06-16
"Pseudodidymocystis planctonica",200,5233.33333333333,2020-06-16
"Tetraëdron minimum",50,34300,2020-06-16
"Tetrastrum triangulare",200,10800,2020-06-16
"Cryptomonas marssonii",250,224346.458333333,2020-06-16
"Cryptomonas reflexa ",50,272238,2020-06-16
"Cryptomonas sp.",50,86664,2020-06-16
"Cryptomonas tetrapyrenoidosa",50,234453.333333333,2020-06-16
"Plagioselmis nannoplanctica",50,4088.54166666667,2020-06-16
"Aphanizomenon flosaquae",6750,423900,2020-06-16
"Aphanocapsa sp.",11000,155430,2020-06-16
"Aphanocapsa sp.",22250,745226.666666667,2020-06-16
"Aphanothece sp.",7500,183.984375,2020-06-16
"Chroococcus sp.",50,706.5,2020-06-16
"Cuspidothrix issatschenkoi",1150,56873.25,2020-06-16
"Cyanophyte colony",2000,28260,2020-06-16
"Dolichospermum circinale",500,133973.333333333,2020-06-16
"Dolichospermum crassum",24000,24531250,2020-06-16
"Dolichospermum flosaquae",1963631.25,433532961.914062,2020-06-16
"Dolichospermum mendotae",23750,1193200,2020-06-16
"Dolichospermum sp.",6000,678240,2020-06-16
"Stephanodiscus sp.",50,502400,2020-07-14
"Acutodesmus obliquus",200,13188,2020-07-14
"Colonial greens",150,2119.5,2020-07-14
"Desmodesmus communis",200,7195.83333333333,2020-07-14
"Elakatothrix genevensis",300,20194.125,2020-07-14
"Green flagellate",2550,166812.5,2020-07-14
"Oocystis solitaria",250,148365,2020-07-14
"Staurastrum sp.",100,353250,2020-07-14
"Tetraëdron trigonum",150,37500,2020-07-14
"Cryptomonas erosa",50,105504,2020-07-14
"Cryptomonas ovata  ",50,282600,2020-07-14
"Cryptomonas sp.",100,374104.833333333,2020-07-14
"Aphanizomenon flosaquae",2500,188400,2020-07-14
"Aphanocapsa elegans",1500,50240,2020-07-14
"Chroococcus limneticus",100,52333.3333333333,2020-07-14
"Chroococcus sp.",600,20096,2020-07-14
"Coelosphaerium kuetzingianum",108000,1526040,2020-07-14
"Dolichospermum crassum",21300,14836657,2020-07-14
"Dolichospermum flosaquae",1079700,193809749,2020-07-14
"Snowella litoralis",1600,35900.6666666667,2020-07-14
"Unidentified coccoid",200,13.0833333333333,2020-07-14
"Woronichinia naegeliana",4000,75360,2020-07-14
"Ceratium hirundinella",12,213183.6,2020-07-14
"Stephanodiscus sp.",150,4823040,2020-08-11
"Acutodesmus dimorphus",400,50240,2020-08-11
"Crucigeniella crucifera",400,9420,2020-08-11
"Desmodesmus communis",2600,783744,2020-08-11
"Goniochloris sculpta",350,240100,2020-08-11
"Oocystis borgei",200,471000,2020-08-11
"Oocystis solitaria",100,259050,2020-08-11
"Pediastrum tetras",400,90432,2020-08-11
"Scenedesmus arcuatus",150,7536,2020-08-11
"Staurastrum sp.",50,460533.333333333,2020-08-11
"Tetraëdron minimum",250,108000,2020-08-11
"Cryptomonas erosa",50,214357.333333333,2020-08-11
"Cryptomonas marssonii",50,33493.3333333333,2020-08-11
"Cryptomonas sp.",50,94200,2020-08-11
"Cryptomonas tetrapyrenoidosa",50,153075,2020-08-11
"Chroococcus sp.",200,22608,2020-08-11
"Cuspidothrix issatschenkoi",81000,3434400,2020-08-11
"Dolichospermum flosaquae",794750,89838540,2020-08-11
"Microcystis flos aquae",3112500,69838015.625,2020-08-11
"Planktothrix sp.",2250,113040,2020-08-11
"Woronichinia sp.",90000,735937.5,2020-08-11
"Ceratium hirundinella",15,195000,2020-08-11
"Stephanodiscus",828.333333333333,6389274.61666667,2020-09-15
"Coelastrum sphaericum",3786.66666666667,428044.8,2020-09-15
"Desmodesmus communis",473.333333333333,39633.7777777778,2020-09-15
"Dictyosphaerium pulchellum",20826.6666666667,5580435.91111111,2020-09-15
"Monoraphidium griffithii",118.333333333333,16720.5,2020-09-15
"Cryptomonas erosa",118.333333333333,142681.6,2020-09-15
"Cryptomonas reflexa",118.333333333333,380484.266666667,2020-09-15
"Cryptomonas sp.",118.333333333333,662131.8,2020-09-15
"Chroococcus dispersus",15383.3333333333,515239.111111111,2020-09-15
"Dolichospermum flos-aquae",1398345,158068918.8,2020-09-15
"Microcystis flos aquae",35500,501615,2020-09-15
"Microcystis sp.",1893.33333333333,123855.555555556,2020-09-15
"Planktothrix agardhii",284828.333333333,14309775.4666667,2020-09-15
"Woronichinia naegeliana",473333.333333333,19816888.8888889,2020-09-15
"Ceratium hirundinella",15,392865,2020-09-15
"Chlorogonium elongatum",20.2857142857143,1358.87238095238,2019-12-17
"Monoraphidium komarkovae",20.2857142857143,1273.94285714286,2019-12-17
"Kephyrion sp.",2921.14285714286,286637.142857143,2019-12-17
"Cryptomonas erosa",20.2857142857143,137968.011428571,2019-12-17
"Cryptomonas marssonii",2292.28571428571,1292960.17614258,2019-12-17
"Cryptomonas reflexa",40.5714285714286,44588,2019-12-17
"Plagioselmis nannoplanctica",689.714285714286,47374.75,2019-12-17
"Microcystis sp.",1014.28571428571,33971.8095238095,2019-12-17
"Gymnodinium sp.",20.2857142857143,54354.8952380952,2019-12-17
"Chrysochromulina parva",689.714285714286,17325.6228571429,2019-12-17
"Asterionella formosa",100,18840,2016-07-28
"Aulacoseira pusilla ",5500,2210560,2016-07-28
"Aulacoseira sp.",4650,1401696,2016-07-28
"Cyclotella sp.",50,8478,2016-07-28
"Nitzschia sp.",400,16210.7733333333,2016-07-28
"Synedra sp.",650,24492,2016-07-28
"Cosmarium sp.",100,37680,2016-07-28
"Crucigeniella crucifera",600,40192,2016-07-28
"Desmodesmus communis",2000,25120,2016-07-28
"Desmodesmus subspicatus ",100,2826,2016-07-28
"Dichotomococcus curvatus",400,523.333333333333,2016-07-28
"Dictyosphaerium pulchellum ",2600,36738,2016-07-28
"Kirchneriella contorta",200,1674.66666666667,2016-07-28
"Kirchneriella subsolitaria ",200,1674.66666666667,2016-07-28
"Monoraphidium arcuatum ",50,261.666666666667,2016-07-28
"Monoraphidium komarkovae",600,5495,2016-07-28
"Oocystis sp.",150,60288,2016-07-28
"Pediastrum duplex ",400,9600,2016-07-28
"Pediastrum tetras",200,1600,2016-07-28
"Scenedesmus ellipticus",100,18840,2016-07-28
"Scenedesmus obtusus ",400,29632.2962962963,2016-07-28
"Sorastrum americanum ",1400,8792,2016-07-28
"Tetraedron caudatum",200,50000,2016-07-28
"Tetraëdron minimum",2800,321355.102040816,2016-07-28
"Tetraedron trigonum ",50,6400,2016-07-28
"Mallomonas sp.",50,60288,2016-07-28
"Synura sp.",100,135648,2016-07-28
"Cryptomonas sp.",1000,745071.604938272,2016-07-28
"Plagioselmis nannoplanctica ",1400,55682.6666666667,2016-07-28
"Aphanizomenon sp.",11350,855336,2016-07-28
"Aphanocapsa incerta",5000,2616.66666666667,2016-07-28
"Dolichospermum flosaquae",124300,4163221.33333333,2016-07-28
"Merismopedia minima ",1200,628,2016-07-28
"Microcystis sp.",16000,226080,2016-07-28
"Trachelomonas sp.",150,337724.444444444,2016-07-28
"Aulacoseira sp.",1600,1054400,2016-09-06
"Nitzschia sp.",50,2026.34666666667,2016-09-06
"Chlamydomonas sp.",50,45216,2016-09-06
"Coelastrum microporum ",2900,145580,2016-09-06
"Cosmarium sp.",50,22608,2016-09-06
"Crucigeniella rectangularis",1200,33912,2016-09-06
"Desmodesmus abundans",2900,122960,2016-09-06
"Desmodesmus communis",600,7536,2016-09-06
"Desmodesmus intermedius",600,40192,2016-09-06
"Dichotomococcus curvatus",5400,7065,2016-09-06
"Dictyosphaerium pulchellum ",750,84750,2016-09-06
"Kirchneriella subsolitaria ",300,3140,2016-09-06
"Lagerheimiella genevensis",50,12500,2016-09-06
"Lagerheimiella longiseta",150,28260,2016-09-06
"Monoraphidium arcuatum ",350,1831.66666666667,2016-09-06
"Monoraphidium komarkovae",75,3375,2016-09-06
"Monoraphidium minutum ",275,1727,2016-09-06
"Oocystis pusilla ",400,133973.333333333,2016-09-06
"Oocystis solitaria",150,50240,2016-09-06
"Pediastrum duplex ",400,128000,2016-09-06
"Scenedesmus ellipticus",200,37680,2016-09-06
"Schroederia setigera ",150,203472,2016-09-06
"Staurastrum sp.",50,83733.3333333333,2016-09-06
"Tetraedron caudatum",100,5400,2016-09-06
"Tetraëdron minimum",850,167450,2016-09-06
"Tetraedron trigonum ",150,19200,2016-09-06
"Tetrastrum glabrum ",600,2512,2016-09-06
"Ochromonas sp.",50,26166.6666666667,2016-09-06
"Chroomonas nordstedtii ",150,17662.5,2016-09-06
"Cryptomonas erosa ",15425,29640605.9695216,2016-09-06
"Cryptomonas marssonii",125,140500,2016-09-06
"Cryptomonas phaseolus ",300,188400,2016-09-06
"Cryptomonas reflexa ",950,1446506.41666667,2016-09-06
"Cryptomonas sp.",3000,3476100,2016-09-06
"Cryptomonas tetrapyrenoidosa ",4000,7743658.66666667,2016-09-06
"Plagioselmis nannoplanctica ",1250,263847.222222222,2016-09-06
"Aphanocapsa delicatissima ",8425,551.135416666667,2016-09-06
"Microcystis sp.",1100,36842.6666666667,2016-09-06
"Planktothrix agardhii ",37500,1884000,2016-09-06
"Phacus sp.",50,187550,2016-09-06
"Trachelomonas sp.",650,681292.08,2016-09-06
"Gymnodinium sp.",50,102575,2016-09-06
"Peridinium sp.",50,656469.333333333,2016-09-06
"Aulacoseira pusilla ",1944.44444444444,781511.111111111,2016-10-19
"Aulacoseira sp.",10833.3333333333,272133.333333333,2016-10-19
"Cyclotella sp.",5000,2612480,2016-10-19
"Nitzschia sp.",4722.22222222222,381141.615376309,2016-10-19
"Synedra sp.",3333.33333333333,942000,2016-10-19
"Actinastrum hantzschii",34444.4444444444,78112.3456790123,2016-10-19
"Acutodesmus dimorphus",1666.66666666667,209333.333333333,2016-10-19
"Closteriiopsis longissima",555.555555555556,209333.333333333,2016-10-19
"Coelastrum microporum ",1111.11111111111,37214.8148148148,2016-10-19
"Coronastrum ellipsoideum",2222.22222222222,23259.2592592593,2016-10-19
"Cosmarium sp.",2222.22222222222,1786311.11111111,2016-10-19
"Crucigeniella crucifera",18611.1111111111,935022.222222222,2016-10-19
"Desmodesmus abundans",5555.55555555556,261666.666666667,2016-10-19
"Desmodesmus denticulatus",1111.11111111111,251200,2016-10-19
"Dichotomococcus curvatus",23888.8888888889,150022.222222222,2016-10-19
"Dictyosphaerium pulchellum ",23055.5555555556,325775,2016-10-19
"Monoraphidium komarkovae",833.333333333333,13374.0740740741,2016-10-19
"Monoraphidium minutum ",3888.88888888889,8140.74074074074,2016-10-19
"Pediastrum duplex ",10000,2560000,2016-10-19
"Pediastrum tetras",5000,123240.740740741,2016-10-19
"Scenedesmus arcuatus",2222.22222222222,20933.3333333333,2016-10-19
"Scenedesmus ellipticus",1111.11111111111,13955.5555555556,2016-10-19
"Scenedesmus obtusus ",2222.22222222222,39250,2016-10-19
"Scenedesmus quadricauda",3333.33333333333,125600,2016-10-19
"Schroederia setigera ",277.777777777778,2325.92592592593,2016-10-19
"Tetraedron caudatum",277.777777777778,4444.44444444444,2016-10-19
"Tetraëdron minimum",1388.88888888889,102880.658436214,2016-10-19
"Tetraedron trigonum ",833.333333333333,45000,2016-10-19
"Tetrastrum glabrum ",3333.33333333333,47100,2016-10-19
"Cryptomonas erosa ",555.555555555556,753600,2016-10-19
"Cryptomonas reflexa",1111.11111111111,595437.037037037,2016-10-19
"Cryptomonas sp.",277.777777777778,290740.740740741,2016-10-19
"Plagioselmis nannoplanctica ",1666.66666666667,55822.2222222222,2016-10-19
"Chroococcus minutus",555.555555555556,7850,2016-10-19
"Coelosphaerium subarcticum",141666.666666667,593111.111111111,2016-10-19
"Microcystis wesenbergii",14444.4444444444,483792.592592593,2016-10-19
"Planktothrix agardhii ",43055.5555555556,912562.5,2016-10-19
"Pseudanabaena sp.",1666.66666666667,3925,2016-10-19
"Unid. Coccoids (<5µ)",13888.8888888889,7268.51851851852,2016-10-19
"Trachelomonas sp.",277.777777777778,145370.37037037,2016-10-19
"Aulacoseira pusilla ",6100,2451712,2016-11-08
"Aulacoseira sp.",75,11304,2016-11-08
"Cocconeis sp.",25,28800,2016-11-08
"Cyclotella sp.",50,3179.25,2016-11-08
"Nitzschia sp.",50,1717.1875,2016-11-08
"Synedra sp.",50,2767.125,2016-11-08
"Actinastrum hantzschii",75,1256,2016-11-08
"Closteriiopsis longissima",225,42345.1428571429,2016-11-08
"Cosmarium sp.",325,138788,2016-11-08
"Crucigeniella crucifera",1350,67824,2016-11-08
"Desmodesmus abundans",500,18840,2016-11-08
"Desmodesmus intermedius",550,6908,2016-11-08
"Dichotomococcus curvatus",50,314,2016-11-08
"Dictyosphaerium pulchellum ",2550,85408,2016-11-08
"Kirchneriella sp.",325,5846.61458333333,2016-11-08
"Monoraphidium arcuatum ",50,30091.6666666667,2016-11-08
"Monoraphidium minutum ",175,4945.5,2016-11-08
"Oocystis solitaria Whitrock",125,98125,2016-11-08
"Oocystis sp.",150,50240,2016-11-08
"Pediastrum duplex ",1725,496800,2016-11-08
"Quadrigula closterioides",300,9891,2016-11-08
"Scenedesmus arcuatus",200,4474.5,2016-11-08
"Scenedesmus ellipticus",1700,41703.125,2016-11-08
"Scenedesmus quadricauda",975,21770.6666666667,2016-11-08
"Staurastrum sp.",25,20096,2016-11-08
"Tetraedron caudatum",150,8100,2016-11-08
"Tetraëdron minimum",3725,275925.925925926,2016-11-08
"Tetraedron muticum",25,6250,2016-11-08
"Tetraedron trigonum ",75,18750,2016-11-08
"Tetrastrum glabrum ",800,26794.6666666667,2016-11-08
"Chrysococcus sp.",25,3768,2016-11-08
"Kephyrion sp.",50,2512,2016-11-08
"Cryptomonas erosa ",450,1328265.216,2016-11-08
"Cryptomonas parapyrenoidifera",75,153860,2016-11-08
"Plagioselmis nannoplanctica ",900,30144,2016-11-08
"Rhodomonas lens ",50,20665.125,2016-11-08
"Rhodomonas minuta",125,15307.5,2016-11-08
"Aphanocapsa delicatissima ",108750,56912.5,2016-11-08
"Chroococcus dispersus ",150,16956,2016-11-08
"Merismopedia minima ",800,3349.33333333333,2016-11-08
"Microcystis wesenbergii",16000,535893.333333333,2016-11-08
"Planktothrix agardhii",52075,919774.6875,2016-11-08
"Snowella sp.",13750,57566.6666666667,2016-11-08
"Synechocystis sp.",5050,8919.5625,2016-11-08
"Trachelomonas sp.",25,104666.666666667,2016-11-08
